/*    ==Параметры сценариев==

    Версия исходного сервера : SQL Server 2017 (14.0.1000)
    Выпуск исходного ядра СУБД : Выпуск Microsoft SQL Server Express Edition
    Тип исходного ядра СУБД : Изолированный SQL Server

    Версия целевого сервера : SQL Server 2017
    Выпуск целевого ядра СУБД : Выпуск Microsoft SQL Server Standard Edition
    Тип целевого ядра СУБД : Изолированный SQL Server
*/
INSERT [dbo].[Countries] ([Id], [Name]) VALUES (N'AD', N'Andorra')
INSERT [dbo].[Countries] ([Id], [Name]) VALUES (N'AE', N'United Arab Emirates')
INSERT [dbo].[Countries] ([Id], [Name]) VALUES (N'AF', N'Afghanistan')
INSERT [dbo].[Countries] ([Id], [Name]) VALUES (N'AG', N'Antigua and Barbuda')
INSERT [dbo].[Countries] ([Id], [Name]) VALUES (N'AI', N'Anguilla')
INSERT [dbo].[Countries] ([Id], [Name]) VALUES (N'AL', N'Albania')
INSERT [dbo].[Countries] ([Id], [Name]) VALUES (N'AM', N'Armenia')
INSERT [dbo].[Countries] ([Id], [Name]) VALUES (N'AO', N'Angola')
INSERT [dbo].[Countries] ([Id], [Name]) VALUES (N'AQ', N'Antarctica')
INSERT [dbo].[Countries] ([Id], [Name]) VALUES (N'AR', N'Argentina')
INSERT [dbo].[Countries] ([Id], [Name]) VALUES (N'AS', N'American Samoa')
INSERT [dbo].[Countries] ([Id], [Name]) VALUES (N'AT', N'Austria')
INSERT [dbo].[Countries] ([Id], [Name]) VALUES (N'AU', N'Australia')
INSERT [dbo].[Countries] ([Id], [Name]) VALUES (N'AW', N'Aruba')
INSERT [dbo].[Countries] ([Id], [Name]) VALUES (N'AX', N'Aland Islands')
INSERT [dbo].[Countries] ([Id], [Name]) VALUES (N'AZ', N'Azerbaijan')
INSERT [dbo].[Countries] ([Id], [Name]) VALUES (N'BA', N'Bosnia and Herzegovina')
INSERT [dbo].[Countries] ([Id], [Name]) VALUES (N'BB', N'Barbados')
INSERT [dbo].[Countries] ([Id], [Name]) VALUES (N'BD', N'Bangladesh')
INSERT [dbo].[Countries] ([Id], [Name]) VALUES (N'BE', N'Belgium')
INSERT [dbo].[Countries] ([Id], [Name]) VALUES (N'BF', N'Burkina Faso')
INSERT [dbo].[Countries] ([Id], [Name]) VALUES (N'BG', N'Bulgaria')
INSERT [dbo].[Countries] ([Id], [Name]) VALUES (N'BH', N'Bahrain')
INSERT [dbo].[Countries] ([Id], [Name]) VALUES (N'BI', N'Burundi')
INSERT [dbo].[Countries] ([Id], [Name]) VALUES (N'BJ', N'Benin')
INSERT [dbo].[Countries] ([Id], [Name]) VALUES (N'BL', N'Saint Barthelemy')
INSERT [dbo].[Countries] ([Id], [Name]) VALUES (N'BM', N'Bermuda')
INSERT [dbo].[Countries] ([Id], [Name]) VALUES (N'BN', N'Brunei Darussalam')
INSERT [dbo].[Countries] ([Id], [Name]) VALUES (N'BO', N'Bolivia (Plurinational State of)')
INSERT [dbo].[Countries] ([Id], [Name]) VALUES (N'BQ', N'Bonaire, Sint Eustatius and Saba')
INSERT [dbo].[Countries] ([Id], [Name]) VALUES (N'BR', N'Brazil')
INSERT [dbo].[Countries] ([Id], [Name]) VALUES (N'BS', N'Bahamas')
INSERT [dbo].[Countries] ([Id], [Name]) VALUES (N'BT', N'Bhutan')
INSERT [dbo].[Countries] ([Id], [Name]) VALUES (N'BV', N'Bouvet Island')
INSERT [dbo].[Countries] ([Id], [Name]) VALUES (N'BW', N'Botswana')
INSERT [dbo].[Countries] ([Id], [Name]) VALUES (N'BY', N'Belarus')
INSERT [dbo].[Countries] ([Id], [Name]) VALUES (N'BZ', N'Belize')
INSERT [dbo].[Countries] ([Id], [Name]) VALUES (N'CA', N'Canada')
INSERT [dbo].[Countries] ([Id], [Name]) VALUES (N'CC', N'Cocos (Keeling) Islands')
INSERT [dbo].[Countries] ([Id], [Name]) VALUES (N'CD', N'Congo (Democratic Republic of the)')
INSERT [dbo].[Countries] ([Id], [Name]) VALUES (N'CF', N'Central African Republic')
INSERT [dbo].[Countries] ([Id], [Name]) VALUES (N'CG', N'Congo')
INSERT [dbo].[Countries] ([Id], [Name]) VALUES (N'CH', N'Switzerland')
INSERT [dbo].[Countries] ([Id], [Name]) VALUES (N'CI', N'Cote d''Ivoire')
INSERT [dbo].[Countries] ([Id], [Name]) VALUES (N'CK', N'Cook Islands')
INSERT [dbo].[Countries] ([Id], [Name]) VALUES (N'CL', N'Chile')
INSERT [dbo].[Countries] ([Id], [Name]) VALUES (N'CM', N'Cameroon')
INSERT [dbo].[Countries] ([Id], [Name]) VALUES (N'CN', N'China')
INSERT [dbo].[Countries] ([Id], [Name]) VALUES (N'CO', N'Colombia')
INSERT [dbo].[Countries] ([Id], [Name]) VALUES (N'CR', N'Costa Rica')
INSERT [dbo].[Countries] ([Id], [Name]) VALUES (N'CU', N'Cuba')
INSERT [dbo].[Countries] ([Id], [Name]) VALUES (N'CV', N'Cabo Verde')
INSERT [dbo].[Countries] ([Id], [Name]) VALUES (N'CW', N'Curacao')
INSERT [dbo].[Countries] ([Id], [Name]) VALUES (N'CX', N'Christmas Island')
INSERT [dbo].[Countries] ([Id], [Name]) VALUES (N'CY', N'Cyprus')
INSERT [dbo].[Countries] ([Id], [Name]) VALUES (N'CZ', N'Czechia')
INSERT [dbo].[Countries] ([Id], [Name]) VALUES (N'DE', N'Germany')
INSERT [dbo].[Countries] ([Id], [Name]) VALUES (N'DJ', N'Djibouti')
INSERT [dbo].[Countries] ([Id], [Name]) VALUES (N'DK', N'Denmark')
INSERT [dbo].[Countries] ([Id], [Name]) VALUES (N'DM', N'Dominica')
INSERT [dbo].[Countries] ([Id], [Name]) VALUES (N'DO', N'Dominican Republic')
INSERT [dbo].[Countries] ([Id], [Name]) VALUES (N'DZ', N'Algeria')
INSERT [dbo].[Countries] ([Id], [Name]) VALUES (N'EC', N'Ecuador')
INSERT [dbo].[Countries] ([Id], [Name]) VALUES (N'EE', N'Estonia')
INSERT [dbo].[Countries] ([Id], [Name]) VALUES (N'EG', N'Egypt')
INSERT [dbo].[Countries] ([Id], [Name]) VALUES (N'EH', N'Western Sahara')
INSERT [dbo].[Countries] ([Id], [Name]) VALUES (N'ER', N'Eritrea')
INSERT [dbo].[Countries] ([Id], [Name]) VALUES (N'ES', N'Spain')
INSERT [dbo].[Countries] ([Id], [Name]) VALUES (N'ET', N'Ethiopia')
INSERT [dbo].[Countries] ([Id], [Name]) VALUES (N'FI', N'Finland')
INSERT [dbo].[Countries] ([Id], [Name]) VALUES (N'FJ', N'Fiji')
INSERT [dbo].[Countries] ([Id], [Name]) VALUES (N'FK', N'Falkland Islands (Malvinas)')
INSERT [dbo].[Countries] ([Id], [Name]) VALUES (N'FM', N'Micronesia (Federated States of)')
INSERT [dbo].[Countries] ([Id], [Name]) VALUES (N'FO', N'Faroe Islands')
INSERT [dbo].[Countries] ([Id], [Name]) VALUES (N'FR', N'France')
INSERT [dbo].[Countries] ([Id], [Name]) VALUES (N'GA', N'Gabon')
INSERT [dbo].[Countries] ([Id], [Name]) VALUES (N'GB', N'United Kingdom of Great Britain and Northern Ireland')
INSERT [dbo].[Countries] ([Id], [Name]) VALUES (N'GD', N'Grenada')
INSERT [dbo].[Countries] ([Id], [Name]) VALUES (N'GE', N'Georgia')
INSERT [dbo].[Countries] ([Id], [Name]) VALUES (N'GF', N'French Guiana')
INSERT [dbo].[Countries] ([Id], [Name]) VALUES (N'GG', N'Guernsey')
INSERT [dbo].[Countries] ([Id], [Name]) VALUES (N'GH', N'Ghana')
INSERT [dbo].[Countries] ([Id], [Name]) VALUES (N'GI', N'Gibraltar')
INSERT [dbo].[Countries] ([Id], [Name]) VALUES (N'GL', N'Greenland')
INSERT [dbo].[Countries] ([Id], [Name]) VALUES (N'GM', N'Gambia')
INSERT [dbo].[Countries] ([Id], [Name]) VALUES (N'GN', N'Guinea')
INSERT [dbo].[Countries] ([Id], [Name]) VALUES (N'GP', N'Guadeloupe')
INSERT [dbo].[Countries] ([Id], [Name]) VALUES (N'GQ', N'Equatorial Guinea')
INSERT [dbo].[Countries] ([Id], [Name]) VALUES (N'GR', N'Greece')
INSERT [dbo].[Countries] ([Id], [Name]) VALUES (N'GS', N'South Georgia and the South Sandwich Islands')
INSERT [dbo].[Countries] ([Id], [Name]) VALUES (N'GT', N'Guatemala')
INSERT [dbo].[Countries] ([Id], [Name]) VALUES (N'GU', N'Guam')
INSERT [dbo].[Countries] ([Id], [Name]) VALUES (N'GW', N'Guinea-Bissau')
INSERT [dbo].[Countries] ([Id], [Name]) VALUES (N'GY', N'Guyana')
INSERT [dbo].[Countries] ([Id], [Name]) VALUES (N'HK', N'Hong Kong')
INSERT [dbo].[Countries] ([Id], [Name]) VALUES (N'HM', N'Heard Island and McDonald Islands')
INSERT [dbo].[Countries] ([Id], [Name]) VALUES (N'HN', N'Honduras')
INSERT [dbo].[Countries] ([Id], [Name]) VALUES (N'HR', N'Croatia')
INSERT [dbo].[Countries] ([Id], [Name]) VALUES (N'HT', N'Haiti')
INSERT [dbo].[Countries] ([Id], [Name]) VALUES (N'HU', N'Hungary')
GO
INSERT [dbo].[Countries] ([Id], [Name]) VALUES (N'ID', N'Indonesia')
INSERT [dbo].[Countries] ([Id], [Name]) VALUES (N'IE', N'Ireland')
INSERT [dbo].[Countries] ([Id], [Name]) VALUES (N'IL', N'Israel')
INSERT [dbo].[Countries] ([Id], [Name]) VALUES (N'IM', N'Isle of Man')
INSERT [dbo].[Countries] ([Id], [Name]) VALUES (N'IN', N'India')
INSERT [dbo].[Countries] ([Id], [Name]) VALUES (N'IO', N'British Indian Ocean Territory')
INSERT [dbo].[Countries] ([Id], [Name]) VALUES (N'IQ', N'Iraq')
INSERT [dbo].[Countries] ([Id], [Name]) VALUES (N'IR', N'Iran (Islamic Republic of)')
INSERT [dbo].[Countries] ([Id], [Name]) VALUES (N'IS', N'Iceland')
INSERT [dbo].[Countries] ([Id], [Name]) VALUES (N'IT', N'Italy')
INSERT [dbo].[Countries] ([Id], [Name]) VALUES (N'JE', N'Jersey')
INSERT [dbo].[Countries] ([Id], [Name]) VALUES (N'JM', N'Jamaica')
INSERT [dbo].[Countries] ([Id], [Name]) VALUES (N'JO', N'Jordan')
INSERT [dbo].[Countries] ([Id], [Name]) VALUES (N'JP', N'Japan')
INSERT [dbo].[Countries] ([Id], [Name]) VALUES (N'KE', N'Kenya')
INSERT [dbo].[Countries] ([Id], [Name]) VALUES (N'KG', N'Kyrgyzstan')
INSERT [dbo].[Countries] ([Id], [Name]) VALUES (N'KH', N'Cambodia')
INSERT [dbo].[Countries] ([Id], [Name]) VALUES (N'KI', N'Kiribati')
INSERT [dbo].[Countries] ([Id], [Name]) VALUES (N'KM', N'Comoros')
INSERT [dbo].[Countries] ([Id], [Name]) VALUES (N'KN', N'Saint Kitts and Nevis')
INSERT [dbo].[Countries] ([Id], [Name]) VALUES (N'KP', N'Korea (Democratic People''s Republic of)')
INSERT [dbo].[Countries] ([Id], [Name]) VALUES (N'KR', N'Korea (Republic of)')
INSERT [dbo].[Countries] ([Id], [Name]) VALUES (N'KW', N'Kuwait')
INSERT [dbo].[Countries] ([Id], [Name]) VALUES (N'KY', N'Cayman Islands')
INSERT [dbo].[Countries] ([Id], [Name]) VALUES (N'KZ', N'Kazakhstan')
INSERT [dbo].[Countries] ([Id], [Name]) VALUES (N'LA', N'Lao People''s Democratic Republic')
INSERT [dbo].[Countries] ([Id], [Name]) VALUES (N'LB', N'Lebanon')
INSERT [dbo].[Countries] ([Id], [Name]) VALUES (N'LC', N'Saint Lucia')
INSERT [dbo].[Countries] ([Id], [Name]) VALUES (N'LI', N'Liechtenstein')
INSERT [dbo].[Countries] ([Id], [Name]) VALUES (N'LK', N'Sri Lanka')
INSERT [dbo].[Countries] ([Id], [Name]) VALUES (N'LR', N'Liberia')
INSERT [dbo].[Countries] ([Id], [Name]) VALUES (N'LS', N'Lesotho')
INSERT [dbo].[Countries] ([Id], [Name]) VALUES (N'LT', N'Lithuania')
INSERT [dbo].[Countries] ([Id], [Name]) VALUES (N'LU', N'Luxembourg')
INSERT [dbo].[Countries] ([Id], [Name]) VALUES (N'LV', N'Latvia')
INSERT [dbo].[Countries] ([Id], [Name]) VALUES (N'LY', N'Libya')
INSERT [dbo].[Countries] ([Id], [Name]) VALUES (N'MA', N'Morocco')
INSERT [dbo].[Countries] ([Id], [Name]) VALUES (N'MC', N'Monaco')
INSERT [dbo].[Countries] ([Id], [Name]) VALUES (N'MD', N'Moldova (Republic of)')
INSERT [dbo].[Countries] ([Id], [Name]) VALUES (N'ME', N'Montenegro')
INSERT [dbo].[Countries] ([Id], [Name]) VALUES (N'MF', N'Saint Martin (French part)')
INSERT [dbo].[Countries] ([Id], [Name]) VALUES (N'MG', N'Madagascar')
INSERT [dbo].[Countries] ([Id], [Name]) VALUES (N'MH', N'Marshall Islands')
INSERT [dbo].[Countries] ([Id], [Name]) VALUES (N'MK', N'Macedonia (the former Yugoslav Republic of)')
INSERT [dbo].[Countries] ([Id], [Name]) VALUES (N'ML', N'Mali')
INSERT [dbo].[Countries] ([Id], [Name]) VALUES (N'MM', N'Myanmar')
INSERT [dbo].[Countries] ([Id], [Name]) VALUES (N'MN', N'Mongolia')
INSERT [dbo].[Countries] ([Id], [Name]) VALUES (N'MO', N'Macao')
INSERT [dbo].[Countries] ([Id], [Name]) VALUES (N'MP', N'Northern Mariana Islands')
INSERT [dbo].[Countries] ([Id], [Name]) VALUES (N'MQ', N'Martinique')
INSERT [dbo].[Countries] ([Id], [Name]) VALUES (N'MR', N'Mauritania')
INSERT [dbo].[Countries] ([Id], [Name]) VALUES (N'MS', N'Montserrat')
INSERT [dbo].[Countries] ([Id], [Name]) VALUES (N'MT', N'Malta')
INSERT [dbo].[Countries] ([Id], [Name]) VALUES (N'MU', N'Mauritius')
INSERT [dbo].[Countries] ([Id], [Name]) VALUES (N'MV', N'Maldives')
INSERT [dbo].[Countries] ([Id], [Name]) VALUES (N'MW', N'Malawi')
INSERT [dbo].[Countries] ([Id], [Name]) VALUES (N'MX', N'Mexico')
INSERT [dbo].[Countries] ([Id], [Name]) VALUES (N'MY', N'Malaysia')
INSERT [dbo].[Countries] ([Id], [Name]) VALUES (N'MZ', N'Mozambique')
INSERT [dbo].[Countries] ([Id], [Name]) VALUES (N'NA', N'Namibia')
INSERT [dbo].[Countries] ([Id], [Name]) VALUES (N'NC', N'New Caledonia')
INSERT [dbo].[Countries] ([Id], [Name]) VALUES (N'NE', N'Niger')
INSERT [dbo].[Countries] ([Id], [Name]) VALUES (N'NF', N'Norfolk Island')
INSERT [dbo].[Countries] ([Id], [Name]) VALUES (N'NG', N'Nigeria')
INSERT [dbo].[Countries] ([Id], [Name]) VALUES (N'NI', N'Nicaragua')
INSERT [dbo].[Countries] ([Id], [Name]) VALUES (N'NL', N'Netherlands')
INSERT [dbo].[Countries] ([Id], [Name]) VALUES (N'NO', N'Norway')
INSERT [dbo].[Countries] ([Id], [Name]) VALUES (N'NP', N'Nepal')
INSERT [dbo].[Countries] ([Id], [Name]) VALUES (N'NR', N'Nauru')
INSERT [dbo].[Countries] ([Id], [Name]) VALUES (N'NU', N'Niue')
INSERT [dbo].[Countries] ([Id], [Name]) VALUES (N'NZ', N'New Zealand')
INSERT [dbo].[Countries] ([Id], [Name]) VALUES (N'OM', N'Oman')
INSERT [dbo].[Countries] ([Id], [Name]) VALUES (N'PA', N'Panama')
INSERT [dbo].[Countries] ([Id], [Name]) VALUES (N'PE', N'Peru')
INSERT [dbo].[Countries] ([Id], [Name]) VALUES (N'PF', N'French Polynesia')
INSERT [dbo].[Countries] ([Id], [Name]) VALUES (N'PG', N'Papua New Guinea')
INSERT [dbo].[Countries] ([Id], [Name]) VALUES (N'PH', N'Philippines')
INSERT [dbo].[Countries] ([Id], [Name]) VALUES (N'PK', N'Pakistan')
INSERT [dbo].[Countries] ([Id], [Name]) VALUES (N'PL', N'Poland')
INSERT [dbo].[Countries] ([Id], [Name]) VALUES (N'PM', N'Saint Pierre and Miquelon')
INSERT [dbo].[Countries] ([Id], [Name]) VALUES (N'PN', N'Pitcairn')
INSERT [dbo].[Countries] ([Id], [Name]) VALUES (N'PR', N'Puerto Rico')
INSERT [dbo].[Countries] ([Id], [Name]) VALUES (N'PS', N'Palestine, State of')
INSERT [dbo].[Countries] ([Id], [Name]) VALUES (N'PT', N'Portugal')
INSERT [dbo].[Countries] ([Id], [Name]) VALUES (N'PW', N'Palau')
INSERT [dbo].[Countries] ([Id], [Name]) VALUES (N'PY', N'Paraguay')
INSERT [dbo].[Countries] ([Id], [Name]) VALUES (N'QA', N'Qatar')
INSERT [dbo].[Countries] ([Id], [Name]) VALUES (N'RE', N'Reunion')
INSERT [dbo].[Countries] ([Id], [Name]) VALUES (N'RO', N'Romania')
INSERT [dbo].[Countries] ([Id], [Name]) VALUES (N'RS', N'Serbia')
INSERT [dbo].[Countries] ([Id], [Name]) VALUES (N'RU', N'Russian Federation')
INSERT [dbo].[Countries] ([Id], [Name]) VALUES (N'RW', N'Rwanda')
INSERT [dbo].[Countries] ([Id], [Name]) VALUES (N'SA', N'Saudi Arabia')
INSERT [dbo].[Countries] ([Id], [Name]) VALUES (N'SB', N'Solomon Islands')
INSERT [dbo].[Countries] ([Id], [Name]) VALUES (N'SC', N'Seychelles')
INSERT [dbo].[Countries] ([Id], [Name]) VALUES (N'SD', N'Sudan')
INSERT [dbo].[Countries] ([Id], [Name]) VALUES (N'SE', N'Sweden')
INSERT [dbo].[Countries] ([Id], [Name]) VALUES (N'SG', N'Singapore')
INSERT [dbo].[Countries] ([Id], [Name]) VALUES (N'SH', N'Saint Helena, Ascension and Tristan da Cunha')
INSERT [dbo].[Countries] ([Id], [Name]) VALUES (N'SI', N'Slovenia')
GO
INSERT [dbo].[Countries] ([Id], [Name]) VALUES (N'SJ', N'Svalbard and Jan Mayen')
INSERT [dbo].[Countries] ([Id], [Name]) VALUES (N'SK', N'Slovakia')
INSERT [dbo].[Countries] ([Id], [Name]) VALUES (N'SL', N'Sierra Leone')
INSERT [dbo].[Countries] ([Id], [Name]) VALUES (N'SM', N'San Marino')
INSERT [dbo].[Countries] ([Id], [Name]) VALUES (N'SN', N'Senegal')
INSERT [dbo].[Countries] ([Id], [Name]) VALUES (N'SO', N'Somalia')
INSERT [dbo].[Countries] ([Id], [Name]) VALUES (N'SR', N'Suriname')
INSERT [dbo].[Countries] ([Id], [Name]) VALUES (N'SS', N'South Sudan')
INSERT [dbo].[Countries] ([Id], [Name]) VALUES (N'ST', N'Sao Tome and Principe')
INSERT [dbo].[Countries] ([Id], [Name]) VALUES (N'SV', N'El Salvador')
INSERT [dbo].[Countries] ([Id], [Name]) VALUES (N'SX', N'Sint Maarten (Dutch part)')
INSERT [dbo].[Countries] ([Id], [Name]) VALUES (N'SY', N'Syrian Arab Republic')
INSERT [dbo].[Countries] ([Id], [Name]) VALUES (N'SZ', N'Swaziland')
INSERT [dbo].[Countries] ([Id], [Name]) VALUES (N'TC', N'Turks and Caicos Islands')
INSERT [dbo].[Countries] ([Id], [Name]) VALUES (N'TD', N'Chad')
INSERT [dbo].[Countries] ([Id], [Name]) VALUES (N'TF', N'French Southern Territories')
INSERT [dbo].[Countries] ([Id], [Name]) VALUES (N'TG', N'Togo')
INSERT [dbo].[Countries] ([Id], [Name]) VALUES (N'TH', N'Thailand')
INSERT [dbo].[Countries] ([Id], [Name]) VALUES (N'TJ', N'Tajikistan')
INSERT [dbo].[Countries] ([Id], [Name]) VALUES (N'TK', N'Tokelau')
INSERT [dbo].[Countries] ([Id], [Name]) VALUES (N'TL', N'Timor-Leste')
INSERT [dbo].[Countries] ([Id], [Name]) VALUES (N'TM', N'Turkmenistan')
INSERT [dbo].[Countries] ([Id], [Name]) VALUES (N'TN', N'Tunisia')
INSERT [dbo].[Countries] ([Id], [Name]) VALUES (N'TO', N'Tonga')
INSERT [dbo].[Countries] ([Id], [Name]) VALUES (N'TR', N'Turkey')
INSERT [dbo].[Countries] ([Id], [Name]) VALUES (N'TT', N'Trinidad and Tobago')
INSERT [dbo].[Countries] ([Id], [Name]) VALUES (N'TV', N'Tuvalu')
INSERT [dbo].[Countries] ([Id], [Name]) VALUES (N'TW', N'Taiwan, Province of China[a]')
INSERT [dbo].[Countries] ([Id], [Name]) VALUES (N'TZ', N'Tanzania, United Republic of')
INSERT [dbo].[Countries] ([Id], [Name]) VALUES (N'UA', N'Ukraine')
INSERT [dbo].[Countries] ([Id], [Name]) VALUES (N'UG', N'Uganda')
INSERT [dbo].[Countries] ([Id], [Name]) VALUES (N'UM', N'United States Minor Outlying Islands')
INSERT [dbo].[Countries] ([Id], [Name]) VALUES (N'US', N'United States of America')
INSERT [dbo].[Countries] ([Id], [Name]) VALUES (N'UY', N'Uruguay')
INSERT [dbo].[Countries] ([Id], [Name]) VALUES (N'UZ', N'Uzbekistan')
INSERT [dbo].[Countries] ([Id], [Name]) VALUES (N'VA', N'Holy See')
INSERT [dbo].[Countries] ([Id], [Name]) VALUES (N'VC', N'Saint Vincent and the Grenadines')
INSERT [dbo].[Countries] ([Id], [Name]) VALUES (N'VE', N'Venezuela (Bolivarian Republic of)')
INSERT [dbo].[Countries] ([Id], [Name]) VALUES (N'VG', N'Virgin Islands (British)')
INSERT [dbo].[Countries] ([Id], [Name]) VALUES (N'VI', N'Virgin Islands (U.S.)')
INSERT [dbo].[Countries] ([Id], [Name]) VALUES (N'VN', N'Viet Nam')
INSERT [dbo].[Countries] ([Id], [Name]) VALUES (N'VU', N'Vanuatu')
INSERT [dbo].[Countries] ([Id], [Name]) VALUES (N'WF', N'Wallis and Futuna')
INSERT [dbo].[Countries] ([Id], [Name]) VALUES (N'WS', N'Samoa')
INSERT [dbo].[Countries] ([Id], [Name]) VALUES (N'YE', N'Yemen')
INSERT [dbo].[Countries] ([Id], [Name]) VALUES (N'YT', N'Mayotte')
INSERT [dbo].[Countries] ([Id], [Name]) VALUES (N'ZA', N'South Africa')
INSERT [dbo].[Countries] ([Id], [Name]) VALUES (N'ZM', N'Zambia')
INSERT [dbo].[Countries] ([Id], [Name]) VALUES (N'ZW', N'Zimbabwe')
SET IDENTITY_INSERT [dbo].[Locations] ON 

INSERT [dbo].[Locations] ([Id], [FullAddress], [ZipCode], [Longitude], [Latitude], [CountryId]) VALUES (1, N'Qer', 123457, CAST(-4 AS Decimal(18, 0)), CAST(55 AS Decimal(18, 0)), N'CA')
INSERT [dbo].[Locations] ([Id], [FullAddress], [ZipCode], [Longitude], [Latitude], [CountryId]) VALUES (2, N'Qer', 123457, CAST(-4 AS Decimal(18, 0)), CAST(55 AS Decimal(18, 0)), N'CA')
SET IDENTITY_INSERT [dbo].[Locations] OFF
INSERT [dbo].[RefreshTokens] ([Id], [Expires], [CreatedAt], [UserId]) VALUES (N'0243d138f27b4fbf9ed6b4c6143c25e8', CAST(N'2018-01-11T11:40:44.3498893+00:00' AS DateTimeOffset), CAST(N'2017-11-12T11:40:44.3498893+00:00' AS DateTimeOffset), 4)
INSERT [dbo].[RefreshTokens] ([Id], [Expires], [CreatedAt], [UserId]) VALUES (N'0d2d5620df614340bad1f79a1268edc4', CAST(N'0001-01-01T00:00:00.0000000+00:00' AS DateTimeOffset), CAST(N'2017-11-17T10:14:21.7480877+00:00' AS DateTimeOffset), 6)
INSERT [dbo].[RefreshTokens] ([Id], [Expires], [CreatedAt], [UserId]) VALUES (N'1371cee98b4d400cb91edaf929945a8d', CAST(N'0001-01-01T00:00:00.0000000+00:00' AS DateTimeOffset), CAST(N'2017-11-12T12:37:06.3499393+00:00' AS DateTimeOffset), 3)
INSERT [dbo].[RefreshTokens] ([Id], [Expires], [CreatedAt], [UserId]) VALUES (N'2dde57225d21495b9e9629623dc9ba1d', CAST(N'2018-01-16T10:59:23.6531837+00:00' AS DateTimeOffset), CAST(N'2017-11-17T10:59:23.8094295+00:00' AS DateTimeOffset), 6)
INSERT [dbo].[RefreshTokens] ([Id], [Expires], [CreatedAt], [UserId]) VALUES (N'2e4f217e25244f88ac68ddb074571b9d', CAST(N'0001-01-01T00:00:00.0000000+00:00' AS DateTimeOffset), CAST(N'2017-11-12T11:53:11.5954724+00:00' AS DateTimeOffset), 3)
INSERT [dbo].[RefreshTokens] ([Id], [Expires], [CreatedAt], [UserId]) VALUES (N'3a0bbdad6851476fa7bb4bc5c4d2f6b8', CAST(N'2018-01-11T08:39:53.5325542+00:00' AS DateTimeOffset), CAST(N'2017-11-12T08:39:53.6848497+00:00' AS DateTimeOffset), 1)
INSERT [dbo].[RefreshTokens] ([Id], [Expires], [CreatedAt], [UserId]) VALUES (N'3cc7ef6e86fa42c2a0eef65fcbf413fe', CAST(N'2018-01-14T16:37:38.0877008+00:00' AS DateTimeOffset), CAST(N'2017-11-15T16:37:38.2238946+00:00' AS DateTimeOffset), 2)
INSERT [dbo].[RefreshTokens] ([Id], [Expires], [CreatedAt], [UserId]) VALUES (N'50ec57513e114c1cac5157598bf74c8a', CAST(N'2018-01-11T12:57:25.9899800+00:00' AS DateTimeOffset), CAST(N'2017-11-12T12:57:25.9899800+00:00' AS DateTimeOffset), 4)
INSERT [dbo].[RefreshTokens] ([Id], [Expires], [CreatedAt], [UserId]) VALUES (N'5c4e01e1663c48c1ab278542ff918c62', CAST(N'2018-01-11T09:17:30.3788159+00:00' AS DateTimeOffset), CAST(N'2017-11-12T09:17:30.4413358+00:00' AS DateTimeOffset), 3)
INSERT [dbo].[RefreshTokens] ([Id], [Expires], [CreatedAt], [UserId]) VALUES (N'61c01e086e414cbbbe37169e6df6544d', CAST(N'0001-01-01T00:00:00.0000000+00:00' AS DateTimeOffset), CAST(N'2017-11-12T11:57:46.9268432+00:00' AS DateTimeOffset), 4)
INSERT [dbo].[RefreshTokens] ([Id], [Expires], [CreatedAt], [UserId]) VALUES (N'a0fd608a54a7478e9dd1006745953184', CAST(N'2018-01-13T00:13:45.8210921+00:00' AS DateTimeOffset), CAST(N'2017-11-14T00:13:45.9671705+00:00' AS DateTimeOffset), 5)
INSERT [dbo].[RefreshTokens] ([Id], [Expires], [CreatedAt], [UserId]) VALUES (N'a23f500c836543ff8d3377e117cd11fb', CAST(N'0001-01-01T00:00:00.0000000+00:00' AS DateTimeOffset), CAST(N'2017-11-13T19:34:33.8944979+00:00' AS DateTimeOffset), 5)
INSERT [dbo].[RefreshTokens] ([Id], [Expires], [CreatedAt], [UserId]) VALUES (N'a4f6587a80544f5793642c57ca3741a8', CAST(N'0001-01-01T00:00:00.0000000+00:00' AS DateTimeOffset), CAST(N'2017-11-12T08:45:58.6999702+00:00' AS DateTimeOffset), 2)
INSERT [dbo].[RefreshTokens] ([Id], [Expires], [CreatedAt], [UserId]) VALUES (N'a616bd2b386c458c92be4a93c1bccb30', CAST(N'2018-01-11T13:10:25.6622722+00:00' AS DateTimeOffset), CAST(N'2017-11-12T13:10:25.6622722+00:00' AS DateTimeOffset), 3)
INSERT [dbo].[RefreshTokens] ([Id], [Expires], [CreatedAt], [UserId]) VALUES (N'b3a3abe06f794a3eaf6d522c45e43577', CAST(N'2018-01-11T11:45:29.0248317+00:00' AS DateTimeOffset), CAST(N'2017-11-12T11:45:29.0248317+00:00' AS DateTimeOffset), 4)
INSERT [dbo].[RefreshTokens] ([Id], [Expires], [CreatedAt], [UserId]) VALUES (N'bc35e137124f4d22ada0592067c8aef6', CAST(N'2018-01-13T08:58:44.3245283+00:00' AS DateTimeOffset), CAST(N'2017-11-14T08:58:44.3732255+00:00' AS DateTimeOffset), 6)
INSERT [dbo].[RefreshTokens] ([Id], [Expires], [CreatedAt], [UserId]) VALUES (N'c22fce57a1894a32b4c6b2fe53c0bb3e', CAST(N'0001-01-01T00:00:00.0000000+00:00' AS DateTimeOffset), CAST(N'2017-11-12T11:17:38.1779890+00:00' AS DateTimeOffset), 3)
INSERT [dbo].[RefreshTokens] ([Id], [Expires], [CreatedAt], [UserId]) VALUES (N'd7ef9924dffb442ab0a8ae45a0b0ed06', CAST(N'0001-01-01T00:00:00.0000000+00:00' AS DateTimeOffset), CAST(N'2017-11-11T19:41:18.1662081+00:00' AS DateTimeOffset), 1)
INSERT [dbo].[RefreshTokens] ([Id], [Expires], [CreatedAt], [UserId]) VALUES (N'ef573540db38409094212712c7f4acb1', CAST(N'2018-01-11T11:38:25.5790356+00:00' AS DateTimeOffset), CAST(N'2017-11-12T11:38:25.5790356+00:00' AS DateTimeOffset), 4)
SET IDENTITY_INSERT [dbo].[Requests] ON 

INSERT [dbo].[Requests] ([Id], [ContactEmail], [ContactNumber], [Description], [MoversCount], [Status], [CreatedAt], [DepartureLocationId], [DestinationLocationId], [UserId], [VehicleTypeId]) VALUES (1, N'Alexander.drt@gmail.com', N'1346', N'Test', 1, 0, CAST(N'2017-11-11T19:44:37.8914907+00:00' AS DateTimeOffset), 1, 2, 1, 1)
SET IDENTITY_INSERT [dbo].[Requests] OFF
INSERT [dbo].[TemporaryTokens] ([Id], [Type], [Expires], [UserId]) VALUES (N'89trmtdlfnpnblp6loj7y79yudfkrymi', 1, CAST(N'0001-01-01T00:00:00.0000000+00:00' AS DateTimeOffset), 6)
INSERT [dbo].[TemporaryTokens] ([Id], [Type], [Expires], [UserId]) VALUES (N'l1ewvkbndja08ij2we8fezpxsjwow95x', 1, CAST(N'2017-11-13T09:17:28.3787839+00:00' AS DateTimeOffset), 3)
INSERT [dbo].[TemporaryTokens] ([Id], [Type], [Expires], [UserId]) VALUES (N'lgm4noskbwqpsf2jea7f6qydsx7fs8jf', 1, CAST(N'0001-01-01T00:00:00.0000000+00:00' AS DateTimeOffset), 5)
INSERT [dbo].[TemporaryTokens] ([Id], [Type], [Expires], [UserId]) VALUES (N'mguwsjpa22wnxto9upcptr2c3vozslyl', 1, CAST(N'2017-11-13T11:38:23.4988351+00:00' AS DateTimeOffset), 4)
INSERT [dbo].[TemporaryTokens] ([Id], [Type], [Expires], [UserId]) VALUES (N'tlbk2zm34lf7apytupj4op934cghch3b', 1, CAST(N'2017-11-12T19:41:14.7730763+00:00' AS DateTimeOffset), 1)
INSERT [dbo].[TemporaryTokens] ([Id], [Type], [Expires], [UserId]) VALUES (N'xi9pm4ou2f06ggz9v6amg80lhv4wmyub', 1, CAST(N'2017-11-13T08:45:56.4187217+00:00' AS DateTimeOffset), 2)
INSERT [dbo].[UserDetails] ([Id], [MaxDistance], [PhoneNumber], [LocationId]) VALUES (1, 0, NULL, NULL)
SET IDENTITY_INSERT [dbo].[Users] ON 

INSERT [dbo].[Users] ([Id], [Email], [FullName], [PasswordHash], [Salt], [IsEmailConfirmed]) VALUES (1, N'alexander.detkov@gmail.com', N'Alexander Detkov', N'5387f24564b241075f48bbdfdddc12640015e92a', N'yY/To?Z4kE)MQcQa;\J0uhy%H(9*mQfV', 0)
INSERT [dbo].[Users] ([Id], [Email], [FullName], [PasswordHash], [Salt], [IsEmailConfirmed]) VALUES (2, N'test@test.com', N'Alex detkov', N'ef0e51f5225536e511303f0328b7b923316ca194', N'bsy8+xe*ZE1ZTMQ\Ehz\uXx1:PfP$AhK', 0)
INSERT [dbo].[Users] ([Id], [Email], [FullName], [PasswordHash], [Salt], [IsEmailConfirmed]) VALUES (3, N'annavareca+5@gmail.com', N'Indira Gandi ', N'f51ba78b4c436b792ba8178fb8ac8a1ab776fd46', N'_oD_6/\p?o28gX,CtbBdC.iMDgb4KwB:', 0)
INSERT [dbo].[Users] ([Id], [Email], [FullName], [PasswordHash], [Salt], [IsEmailConfirmed]) VALUES (4, N'annavareca@gmail.com', N'Leo di Caprio', N'f51ba78b4c436b792ba8178fb8ac8a1ab776fd46', N'CnQ\HBiXa4r!6o_+B\3D/%2gtR/T.0qg', 0)
INSERT [dbo].[Users] ([Id], [Email], [FullName], [PasswordHash], [Salt], [IsEmailConfirmed]) VALUES (5, N'jaypersanchez@gmail.com', N'Jay Sanchez', N'eb1b4aa76126161199d3120a47cceee8186dbc1c', N'bKhFX\b&Krn!z@wKYG7NsQ6NjuTbC7EG', 1)
INSERT [dbo].[Users] ([Id], [Email], [FullName], [PasswordHash], [Salt], [IsEmailConfirmed]) VALUES (6, N'jnjinc3@gmail.com', N'J sanchez', N'eb1b4aa76126161199d3120a47cceee8186dbc1c', N'by#KnFG)SPUPPVj9SfoKlv7bFYQfibEe', 1)
SET IDENTITY_INSERT [dbo].[Users] OFF
SET IDENTITY_INSERT [dbo].[VehicleTypes] ON 

INSERT [dbo].[VehicleTypes] ([Id], [Name], [Description]) VALUES (1, N'Car', N'')
INSERT [dbo].[VehicleTypes] ([Id], [Name], [Description]) VALUES (2, N'Pickups', N'the pickup is available if you are moving small loads, for a partial move or if you want to move just a few specific items. It is going to be helpful for you if you are on to make any home improvements as well.')
INSERT [dbo].[VehicleTypes] ([Id], [Name], [Description]) VALUES (3, N'Cargo Van', N'this type of vehicle is good for small living places like a studio or one-bedroom apartment.')
INSERT [dbo].[VehicleTypes] ([Id], [Name], [Description]) VALUES (4, N'10 foot truck', N'this type of moving vehicles is good again for small apartments and you can move a larger studio with this truck. It can be very economic in its gas consumption and has amenities for easy loading. From this point onward you will read about moving trucks with extra space.')
INSERT [dbo].[VehicleTypes] ([Id], [Name], [Description]) VALUES (5, N'14 foot truck', N'this truck is appropriate for a bigger apartment for example with two bedrooms and has also a low deck that makes loading and unloading easy. In this case it is good to think about hiring dollies as well – depending on the specifics of your move it is recommended to use a dolly even for your stacks of boxes rather than move them by hand and injure your back. Save your strength and use the amenities that are available anyway. Especially if you are going to move large pieces of furniture the dollies are a must. 12 to 15 feet trucks can carry up to about 3,000 pounds.')
INSERT [dbo].[VehicleTypes] ([Id], [Name], [Description]) VALUES (6, N'17 foot truck', N'this kind of moving vehicles is good to be used for a 2-bedroom house and a larger apartment. Another moving truck with extra space – should you need it.')
INSERT [dbo].[VehicleTypes] ([Id], [Name], [Description]) VALUES (7, N'20 foot truck', N'it is a vehicle that is appropriate for larger houses with 3 bedrooms.')
INSERT [dbo].[VehicleTypes] ([Id], [Name], [Description]) VALUES (8, N'24 foot truck', N'this truck is very large and can take up the belongings of a 4-bedroom house.')
INSERT [dbo].[VehicleTypes] ([Id], [Name], [Description]) VALUES (9, N'26 foot truck', N'and in case the 24 foot truck is still not large enough for your home you have one more option. This type of moving vehicles is again appropriate for a 4-bedroom house and larger homes. This one of all the types of moving trucks is the largest possible to rent.')
SET IDENTITY_INSERT [dbo].[VehicleTypes] OFF
